timestamp,vibration,temperature,wear_tear
2023-01-01 00:00:00,5.496714153011233,46.99677718293001,0
2023-01-01 01:00:00,4.861735698828816,44.62316841456384,0
2023-01-01 02:00:00,5.6476885381006925,40.29815184960087,0
2023-01-01 03:00:00,6.523029856408026,36.76531611147213,0
2023-01-01 04:00:00,4.765846625276664,43.49111656806795,0
2023-01-01 05:00:00,4.765863043050819,41.96742692710875,0
2023-01-01 06:00:00,6.5792128155073915,44.47596610013866,0
2023-01-01 07:00:00,9.053998635773508,54.84252683197046,1
2023-01-01 08:00:00,4.530525614065048,45.247763576596675,0
2023-01-01 09:00:00,5.542560043585965,37.32382394219716,0
2023-01-01 10:00:00,4.536582307187538,46.58697032817163,0
2023-01-01 11:00:00,4.5342702464297435,40.987998023462,0
2023-01-01 12:00:00,5.241962271566035,50.37630436312632,0
2023-01-01 13:00:00,3.086719755342202,36.55406090955216,0
2023-01-01 14:00:00,3.2750821674869672,48.67981901582625,0
2023-01-01 15:00:00,4.437712470759028,40.98955391731324,0
2023-01-01 16:00:00,3.9871688796655764,36.74290998192776,0
2023-01-01 17:00:00,5.314247332595274,37.580570829728394,0
2023-01-01 18:00:00,4.091975924478789,38.3982634590284,0
2023-01-01 19:00:00,3.5876962986647083,42.12082973200958,0
2023-01-01 20:00:00,6.465648768921554,42.6141774401775,0
2023-01-01 21:00:00,4.774223699513464,37.131499980307105,0
2023-01-01 22:00:00,5.067528204687924,39.87822703869509,0
2023-01-01 23:00:00,3.575251813786543,50.71135179305932,0
2023-01-02 00:00:00,4.455617275474817,48.637715850503554,0
2023-01-02 01:00:00,5.110922589709866,42.18161834837016,0
2023-01-02 02:00:00,3.8490064225776974,40.190017390841,0
2023-01-02 03:00:00,5.3756980183456715,40.600156633591304,0
2023-01-02 04:00:00,6.506428064114139,50.85786427752704,1
2023-01-02 05:00:00,4.708306250206723,34.886037174007974,0
2023-01-02 06:00:00,4.398293387770603,38.71311731288328,0
2023-01-02 07:00:00,6.852278184508938,31.657079630612053,0
2023-01-02 08:00:00,4.986502775262066,41.9961156130264,0
2023-01-02 09:00:00,3.9422890710440996,43.2359796985137,0
2023-01-02 10:00:00,5.822544912103189,37.58406768850313,0
2023-01-02 11:00:00,3.7791563500289778,47.869933816450164,0
2023-01-02 12:00:00,5.208863595004756,33.8711716849883,0
2023-01-02 13:00:00,3.040329876120224,32.6781255989509,0
2023-01-02 14:00:00,3.6718139511015693,41.12225909279986,0
2023-01-02 15:00:00,5.1968612358691235,45.23549151306077,0
2023-01-02 16:00:00,5.738466579995411,48.419638457289345,0
2023-01-02 17:00:00,5.17136828118997,37.7055786856553,0
2023-01-02 18:00:00,4.88435171761176,45.393404167156476,0
2023-01-02 19:00:00,4.698896304410711,39.80745765249647,0
2023-01-02 20:00:00,3.5214780096325726,39.1368635002959,0
2023-01-02 21:00:00,4.280155791605291,44.41829968743336,0
2023-01-02 22:00:00,4.539361229040212,43.261614392067095,0
2023-01-02 23:00:00,6.057122226218915,32.11803921507875,0
2023-01-03 00:00:00,5.343618289568461,47.38270174862948,0
2023-01-03 01:00:00,3.236959844637266,46.90045677073726,0
2023-01-03 02:00:00,5.3240839693947954,36.87218649245235,0
2023-01-03 03:00:00,4.6149177195836835,41.979017667187044,0
2023-01-03 04:00:00,4.323077999694041,42.47015093141369,0
2023-01-03 05:00:00,5.611676288840868,41.303368829119535,0
2023-01-03 06:00:00,6.030999522495951,37.2484742307729,0
2023-01-03 07:00:00,5.931280119116199,36.641883160309746,0
2023-01-03 08:00:00,4.160782476777362,39.87222964504277,0
2023-01-03 09:00:00,4.690787624148785,45.86364509629682,0
2023-01-03 10:00:00,5.331263431403564,42.71800077297216,0
2023-01-03 11:00:00,5.975545127122359,38.14692833956947,0
2023-01-03 12:00:00,4.52082576215471,43.85849355324172,0
2023-01-03 13:00:00,4.8143410233361825,25.75728689684962,0
2023-01-03 14:00:00,3.893665025993972,45.74382850186052,0
2023-01-03 15:00:00,3.803793375919329,31.301431106109504,0
2023-01-03 16:00:00,5.812525822394198,38.18779529298434,0
2023-01-03 17:00:00,6.356240028570823,34.40165052686928,0
2023-01-03 18:00:00,4.927989878419666,33.52659262139547,0
2023-01-03 19:00:00,6.003532897892024,45.8041339368926,0
2023-01-03 20:00:00,5.361636025047634,37.661493993440544,0
2023-01-03 21:00:00,4.354880245394876,41.73251940865358,0
2023-01-03 22:00:00,5.361395605508414,39.76539710560408,0
2023-01-03 23:00:00,6.538036566465969,42.385204136115604,0
2023-01-04 00:00:00,4.964173960890048,40.38410945530128,0
2023-01-04 01:00:00,6.564643655814006,33.58503887905715,0
2023-01-04 02:00:00,2.3802548959102556,44.9813340972357,0
2023-01-04 03:00:00,5.821902504375224,37.531217084193436,0
2023-01-04 04:00:00,5.087047068238172,32.21709050670125,0
2023-01-04 05:00:00,7.521177813307901,48.300507049198174,1
2023-01-04 06:00:00,5.091760776535502,47.503798953171554,0
2023-01-04 07:00:00,3.012431085399107,44.251108710567465,0
2023-01-04 08:00:00,4.780328112162488,38.2567393279607,0
2023-01-04 09:00:00,5.357112571511746,38.25371147840786,0
2023-01-04 10:00:00,6.477894044741516,38.391824743913084,0
2023-01-04 11:00:00,4.481729781726353,50.383739917804206,0
2023-01-04 12:00:00,4.191506397106813,41.90967726115777,0
2023-01-04 13:00:00,4.498242956415464,42.15020823595535,0
2023-01-04 14:00:00,5.915402117702074,45.151417270159214,0
2023-01-04 15:00:00,5.3287511096596845,41.19394579513257,0
2023-01-04 16:00:00,7.620793465828832,51.140707575507605,1
2023-01-04 17:00:00,5.513267433113356,39.01825075457511,0
2023-01-04 18:00:00,8.188994807509292,48.615600973902886,1
2023-01-04 19:00:00,5.968644990532889,39.813888817450795,0
2023-01-04 20:00:00,4.297946906122648,43.6381477181849,0
2023-01-04 21:00:00,4.672337853402232,40.2597294290365,0
2023-01-04 22:00:00,4.607891846867842,43.6632003860779,0
2023-01-04 23:00:00,3.5364850518678814,39.596417099457085,0
2023-01-05 00:00:00,5.296120277064576,40.39317595158045,0
2023-01-05 01:00:00,5.261055272179889,30.00899657733946,0
2023-01-05 02:00:00,9.351630288632709,53.1458005920172,1
2023-01-05 03:00:00,4.765412866624853,41.73244237948996,0
2023-01-05 04:00:00,3.5846292579495858,44.99005054929826,0
2023-01-05 05:00:00,4.579354677234641,25.518723109031555,0
2023-01-05 06:00:00,4.65728548347323,50.44187352390364,0
2023-01-05 07:00:00,4.197722730778381,39.30205185922413,0
2023-01-05 08:00:00,4.838714288333991,45.54091408368758,0
2023-01-05 09:00:00,5.404050856814538,34.800470364372345,0
2023-01-05 10:00:00,6.88618590121053,43.063869525312846,0
2023-01-05 11:00:00,5.174577812831839,34.732922184131716,0
2023-01-05 12:00:00,5.2575503907227645,36.88115519652097,0
2023-01-05 13:00:00,4.925554084233832,49.570156769333934,0
2023-01-05 14:00:00,3.0812287847009587,39.04658799618327,0
2023-01-05 15:00:00,4.973486124550783,41.087164365898616,0
2023-01-05 16:00:00,5.060230209941026,44.35033865344377,0
2023-01-05 17:00:00,7.463242112485286,42.47840943986302,0
2023-01-05 18:00:00,4.807639035218878,40.75209452571788,0
2023-01-05 19:00:00,5.301547342333612,41.824805012331126,0
2023-01-05 20:00:00,4.965288230294757,52.01707792619138,0
2023-01-05 21:00:00,3.8313219623804677,39.711906014832074,0
2023-01-05 22:00:00,6.1428228145150205,41.005495233574834,0
2023-01-05 23:00:00,5.751933032686774,45.25327198003806,0
2023-01-06 00:00:00,5.791031947043047,45.52762966478992,0
2023-01-06 01:00:00,4.090612545205261,45.9351515278019,0
2023-01-06 02:00:00,6.402794310936099,43.19365111014592,0
2023-01-06 03:00:00,3.598148937207719,34.28497543634758,0
2023-01-06 04:00:00,5.58685709380027,48.16715766150548,0
2023-01-06 05:00:00,7.190455625809978,34.26827303490656,0
2023-01-06 06:00:00,4.009463674869312,41.51317732619517,0
2023-01-06 07:00:00,4.433702270397228,36.22862074990321,0
2023-01-06 08:00:00,5.099651365087642,39.67930826703504,0
2023-01-06 09:00:00,4.496524345883801,41.6438120515174,0
2023-01-06 10:00:00,3.4493365689338673,41.606786077251364,0
2023-01-06 11:00:00,5.068562974806027,42.109603771176424,0
2023-01-06 12:00:00,3.937696286273895,48.06855634529323,0
2023-01-06 13:00:00,5.473592430635182,42.2676715075699,0
2023-01-06 14:00:00,4.080575765766197,38.779216823546754,0
2023-01-06 15:00:00,6.54993440501754,44.820435841441785,0
2023-01-06 16:00:00,4.216746707663763,45.947352444623206,0
2023-01-06 17:00:00,4.677938483794325,33.861960924315035,0
2023-01-06 18:00:00,5.81351721736967,42.98700034924929,0
2023-01-06 19:00:00,3.769135683566045,43.50586371155449,0
2023-01-06 20:00:00,5.22745993460413,38.51218248320004,0
2023-01-06 21:00:00,6.307142754282428,46.878534066558096,0
2023-01-06 22:00:00,3.3925167654387725,39.249722064837364,0
2023-01-06 23:00:00,5.184633858532305,40.62788226735771,0
2023-01-07 00:00:00,5.259882794248424,39.134640878580655,0
2023-01-07 01:00:00,5.78182287177731,40.077895237907335,0
2023-01-07 02:00:00,6.937949301405872,44.05757531516349,1
2023-01-07 03:00:00,3.6795433869157237,32.799745587028525,0
2023-01-07 04:00:00,5.521941565616897,47.97252531612486,0
2023-01-07 05:00:00,5.296984673233186,35.76519325840836,0
2023-01-07 06:00:00,5.250492850345877,35.04303825271846,0
2023-01-07 07:00:00,5.346448209496976,29.233049431981428,0
2023-01-07 08:00:00,4.319975278421509,36.80519126155249,0
2023-01-07 09:00:00,7.730226398739998,45.74400144968393,1
2023-01-07 10:00:00,5.293072473298682,48.21007580068185,0
2023-01-07 11:00:00,4.285648581973632,45.04908544671317,0
2023-01-07 12:00:00,6.865774511144757,36.55924827411138,0
2023-01-07 13:00:00,5.4738329209117875,51.26217902672154,0
2023-01-07 14:00:00,3.8086965027973516,44.90882743495797,0
2023-01-07 15:00:00,5.65655360863383,38.37584308245689,0
2023-01-07 16:00:00,4.025318329772679,27.502971425632133,0
2023-01-07 17:00:00,5.787084603742452,51.45471286295371,0
2023-01-07 18:00:00,6.158595579007404,33.05213766618202,0
2023-01-07 19:00:00,4.179317681648289,31.773006265215542,0
2023-01-07 20:00:00,5.963376129244322,45.1128521600482,0
2023-01-07 21:00:00,5.412780926936498,52.19876203169636,0
2023-01-07 22:00:00,5.82206015999449,46.921364092552594,0
2023-01-07 23:00:00,6.896792982653947,42.8195456002618,0
2023-01-08 00:00:00,4.754611883997129,42.97377170832643,0
2023-01-08 01:00:00,7.198531712097974,54.65529305580825,1
2023-01-08 02:00:00,4.110485570374477,43.79464294893383,0
2023-01-08 03:00:00,4.184189715034561,41.40595711984688,0
2023-01-08 04:00:00,4.922898290585896,40.52100551975938,0
2023-01-08 05:00:00,5.341151974816644,39.68703436050239,0
2023-01-08 06:00:00,5.276690799330019,36.230177055666616,0
2023-01-08 07:00:00,5.827183249036024,38.59662461566613,0
2023-01-08 08:00:00,5.013001891877907,31.535215929023074,0
2023-01-08 09:00:00,6.453534077157316,39.50830186602625,0
2023-01-08 10:00:00,4.735343166762044,35.057044464245415,0
2023-01-08 11:00:00,7.720169166589619,34.48205341392114,0
2023-01-08 12:00:00,5.625667347765006,40.89947075576739,0
2023-01-08 13:00:00,4.142842443583717,46.960011431723,0
2023-01-08 14:00:00,3.929107501938888,44.59158303001156,0
2023-01-08 15:00:00,5.482472415243185,32.14749698188412,0
2023-01-08 16:00:00,4.776537214674149,35.05185931714831,0
2023-01-08 17:00:00,7.825877327358866,53.641427350725884,1
2023-01-08 18:00:00,5.473237624573545,35.08756303230845,0
2023-01-08 19:00:00,4.927171087343127,38.87683425001488,0
2023-01-08 20:00:00,7.112906407283215,53.71801379749884,1
2023-01-08 21:00:00,3.4851527753141354,35.15827772568183,0
2023-01-08 22:00:00,7.136957019432599,48.32229323105695,1
2023-01-08 23:00:00,5.856398794323472,33.32987252540898,0
2023-01-09 00:00:00,5.214093744130204,36.99316178024393,0
2023-01-09 01:00:00,3.754261221288012,41.598909670712686,0
2023-01-09 02:00:00,5.173180925851182,32.03503133234165,0
2023-01-09 03:00:00,5.3853173797288365,42.202373689801995,0
2023-01-09 04:00:00,4.116142563798867,39.901811005366596,0
2023-01-09 05:00:00,5.153725105945528,42.76244977208574,0
2023-01-09 06:00:00,5.058208718446,41.119570670323306,0
2023-01-09 07:00:00,3.8570297021693767,46.82070214986922,0
2023-01-09 08:00:00,5.357787360348283,40.62612251323954,0
2023-01-09 09:00:00,5.560784526368234,37.852972294373735,0
2023-01-09 10:00:00,6.083051243175277,40.61148751516142,0
2023-01-09 11:00:00,6.053802052034903,42.716490145181936,0
2023-01-09 12:00:00,3.622330632042909,40.244300351628524,0
2023-01-09 13:00:00,4.062174960084877,40.20295845601941,0
2023-01-09 14:00:00,5.51503526720866,36.490041560966226,0
2023-01-09 15:00:00,5.513785950912209,36.68549541224526,0
2023-01-09 16:00:00,5.515047686306048,32.98697364100153,0
2023-01-09 17:00:00,8.85273149065472,48.7478837159347,0
2023-01-09 18:00:00,5.570890510693167,33.780683823043574,0
2023-01-09 19:00:00,6.135565640180599,36.53547401102046,0
2023-01-09 20:00:00,5.954001763493203,36.40796367215401,0
2023-01-09 21:00:00,5.651391251305798,44.474621884722204,0
2023-01-09 22:00:00,4.684730755359654,38.52525160853986,0
2023-01-09 23:00:00,5.758969220493268,46.23871036336867,0
2023-01-10 00:00:00,4.227174785462428,36.63254687878066,0
2023-01-10 01:00:00,8.220876531040073,52.75768983200491,1
2023-01-10 02:00:00,4.514636452170897,35.823264733701215,0
2023-01-10 03:00:00,5.081874139386323,50.72574563886694,0
2023-01-10 04:00:00,7.314658566673509,34.062007904852436,0
2023-01-10 05:00:00,3.132734807408252,41.54910355113514,0
2023-01-10 06:00:00,5.686260190374513,43.168884404660496,0
2023-01-10 07:00:00,3.3872841288103483,42.06899548725749,0
2023-01-10 08:00:00,4.528068134210566,39.07356170561146,0
2023-01-10 09:00:00,6.088950596967366,39.35089650133287,0
2023-01-10 10:00:00,5.064280019095463,40.21905735989555,0
2023-01-10 11:00:00,3.922255222070694,39.264989991857554,0
2023-01-10 12:00:00,4.284696290740031,44.81939558397455,0
2023-01-10 13:00:00,5.679597748934675,51.05261500795676,0
2023-01-10 14:00:00,4.2696333682828636,37.21254107496083,0
2023-01-10 15:00:00,5.216458589581975,33.15098510210461,0
2023-01-10 16:00:00,5.045571839903814,39.55858975824373,0
2023-01-10 17:00:00,4.348399652394183,52.898546688271594,0
2023-01-10 18:00:00,9.869173952027557,46.798841775554884,1
2023-01-10 19:00:00,5.633919022318011,48.195584027220335,0
2023-01-10 20:00:00,2.974857413342393,48.388504070382204,0
2023-01-10 21:00:00,5.186454314769428,37.23205879146003,0
2023-01-10 22:00:00,7.279830577333988,52.22929845364861,1
2023-01-10 23:00:00,5.852433334796224,48.14198311564269,0
2023-01-11 00:00:00,6.889700340865097,46.42718969816811,1
2023-01-11 01:00:00,8.754689234459766,47.20873635492128,1
2023-01-11 02:00:00,5.504987278980457,37.09159543025678,0
2023-01-11 03:00:00,8.705133811111166,45.99585101922749,1
2023-01-11 04:00:00,3.7997035929442236,36.75361227466996,0
2023-01-11 05:00:00,4.665498764159052,33.880298666188715,0
2023-01-11 06:00:00,4.5250546888390435,40.17041734129613,0
2023-01-11 07:00:00,4.346670767426288,36.150133844706794,0
2023-01-11 08:00:00,6.765454240281096,41.168929558953735,0
2023-01-11 09:00:00,5.404981710960955,32.22052176898186,0
2023-01-11 10:00:00,7.655394567404556,54.11236216605041,1
2023-01-11 11:00:00,5.917861947054776,44.16764480804462,0
2023-01-11 12:00:00,7.122156197012633,30.031321787142723,0
2023-01-11 13:00:00,6.032465260551147,41.87028284923786,0
2023-01-11 14:00:00,3.4806300340459866,46.13834496236646,0
2023-01-11 15:00:00,7.9228418081928815,42.67717941248638,1
2023-01-11 16:00:00,6.2669111491866225,48.362861934188516,0
2023-01-11 17:00:00,7.533363898048912,53.01186845393319,1
2023-01-11 18:00:00,5.443819428146228,36.47494072120796,0
2023-01-11 19:00:00,5.774634053429336,39.72115461171147,0
2023-01-11 20:00:00,4.073069528421917,42.791634562608614,0
2023-01-11 21:00:00,4.9404746439382,40.38002695706206,0
2023-01-11 22:00:00,1.7587326599309274,42.693779962231844,0
2023-01-11 23:00:00,3.9756123586657104,35.39663203460317,0
2023-01-12 00:00:00,4.74743184860684,40.84680412018039,0
2023-01-12 01:00:00,3.7522168180351505,32.9314275154751,0
2023-01-12 02:00:00,6.632411303931635,39.443869693256495,0
2023-01-12 03:00:00,3.5698586220393675,35.48046179267605,0
2023-01-12 04:00:00,4.5599555133030165,36.322350287051165,0
2023-01-12 05:00:00,5.130740577286091,46.18046587605219,0
2023-01-12 06:00:00,6.441273289066116,45.45655060297135,0
2023-01-12 07:00:00,3.5641378488205606,43.045690604535885,0
2023-01-12 08:00:00,6.16316375215496,34.538436176637106,0
2023-01-12 09:00:00,5.010233061019587,38.41795775152599,0
2023-01-12 10:00:00,4.018491348952049,46.06548849989592,0
2023-01-12 11:00:00,5.46210347426327,40.70858456819953,0
2023-01-12 12:00:00,5.19905969557347,51.59664769990847,0
2023-01-12 13:00:00,4.399783122841205,41.96658919697186,0
2023-01-12 14:00:00,5.069802084990019,40.960245582450156,0
2023-01-12 15:00:00,4.61468640313824,38.4544176789875,0
2023-01-12 16:00:00,5.113517345251248,40.66770452391141,0
2023-01-12 17:00:00,5.6621306745210465,39.23765081809728,0
2023-01-12 18:00:00,6.586016816145352,43.54054338344295,0
2023-01-12 19:00:00,3.762184501173151,44.783511583972924,0
2023-01-12 20:00:00,7.133033374656266,36.070052697460255,0
2023-01-12 21:00:00,3.047912200477498,33.343835232211106,0
2023-01-12 22:00:00,4.848214904964417,30.818973134483517,0
2023-01-12 23:00:00,5.588317206484577,42.53995663456272,0
2023-01-13 00:00:00,8.465358441393793,40.3091129319265,1
2023-01-13 01:00:00,4.377300480179406,29.235547035237587,0
2023-01-13 02:00:00,4.791877749642725,41.94289302265482,0
2023-01-13 03:00:00,4.506999065341168,52.46499758716395,0
2023-01-13 04:00:00,4.410635243055788,39.96964544230053,0
2023-01-13 05:00:00,5.849602097021025,44.19245387225821,0
2023-01-13 06:00:00,5.357015485965047,40.40914679273782,0
2023-01-13 07:00:00,7.503989053847471,48.33631627272989,1
2023-01-13 08:00:00,5.899599875433251,44.59538241493884,0
2023-01-13 09:00:00,5.307299520876609,38.548627279056745,0
2023-01-13 10:00:00,5.81286211883896,41.33696157035951,0
2023-01-13 11:00:00,5.629628841923612,41.60848903098007,0
2023-01-13 12:00:00,4.171004989077928,36.659547731784755,0
2023-01-13 13:00:00,4.439818959803031,44.960211747682614,0
2023-01-13 14:00:00,5.747293605123262,39.12520121652296,0
2023-01-13 15:00:00,5.610370265433465,36.221274202535774,0
2023-01-13 16:00:00,4.979098406035852,42.68254921785202,0
2023-01-13 17:00:00,5.117327383308782,35.50766009104481,0
2023-01-13 18:00:00,6.2776648957884245,40.14090578684564,0
2023-01-13 19:00:00,4.40842861116417,39.954405016778985,0
2023-01-13 20:00:00,5.547097381170038,45.42947782915789,0
2023-01-13 21:00:00,4.797807347566106,42.373491164399766,0
2023-01-13 22:00:00,4.782318796772779,39.87486520627428,0
2023-01-13 23:00:00,6.09877685198719,44.08883149600143,0
2023-01-14 00:00:00,5.82541634898803,46.951037745086566,0
2023-01-14 01:00:00,5.813509636000639,42.78905153175931,0
2023-01-14 02:00:00,8.341642517481525,49.9896452334751,1
2023-01-14 03:00:00,5.021003841632759,33.4408188382492,0
2023-01-14 04:00:00,5.6819529712949635,34.67443168462314,0
2023-01-14 05:00:00,4.689733243406544,38.473876478226664,0
2023-01-14 06:00:00,5.324166352488442,36.952438989203586,0
2023-01-14 07:00:00,4.869856945632315,39.06514348507277,0
2023-01-14 08:00:00,5.096995964992718,40.283249624485535,0
2023-01-14 09:00:00,5.595157025436913,42.64846377178365,0
2023-01-14 10:00:00,4.181779316766527,39.647506109704544,0
2023-01-14 11:00:00,7.092387275685461,42.43250821913101,0
2023-01-14 12:00:00,3.993982618500298,40.3223720740506,0
2023-01-14 13:00:00,3.785811387212268,30.12266716823064,0
2023-01-14 14:00:00,6.158110873500068,35.30332303090623,0
2023-01-14 15:00:00,5.791662693962936,39.27956222139192,0
2023-01-14 16:00:00,5.624119817052155,33.951526285794465,0
2023-01-14 17:00:00,5.62834550926428,42.999643649981024,0
2023-01-14 18:00:00,4.987753227153085,47.65375416171849,0
2023-01-14 19:00:00,4.102745628514168,46.09380925848659,0
2023-01-14 20:00:00,5.075804558193727,38.93278564534896,0
2023-01-14 21:00:00,4.322838288487889,47.45363068424976,0
2023-01-14 22:00:00,5.975119733417751,40.74333728601056,0
2023-01-14 23:00:00,4.8529426184978615,38.31457014440981,0
2023-01-15 00:00:00,4.1745028032074885,36.9329866822953,0
2023-01-15 01:00:00,4.678614158347006,38.48765156755936,0
2023-01-15 02:00:00,5.412931454275625,38.05911590729386,0
2023-01-15 03:00:00,4.436275447196025,40.85208111187744,0
2023-01-15 04:00:00,4.177779604433568,40.802869905249324,0
2023-01-15 05:00:00,5.243687211491912,40.01523010076707,0
2023-01-15 06:00:00,5.244966571108723,42.18469084873175,0
2023-01-15 07:00:00,4.49305682462887,45.95323137393171,0
2023-01-15 08:00:00,4.528961694381677,44.74777067720662,0
2023-01-15 09:00:00,5.232049937357636,32.575510157750486,0
2023-01-15 10:00:00,3.5519156585026757,27.230394325490224,0
2023-01-15 11:00:00,3.5925362256234448,44.67159955619637,0
2023-01-15 12:00:00,4.281555778747564,33.165606507922895,0
2023-01-15 13:00:00,4.786552848288153,38.87617299053658,0
2023-01-15 14:00:00,5.310907565598004,34.1494348697032,0
2023-01-15 15:00:00,6.475356216949552,30.9900978120999,0
2023-01-15 16:00:00,5.85765962320202,42.70731364102394,0
2023-01-15 17:00:00,4.840061470036573,43.79577580151324,0
2023-01-15 18:00:00,4.9809837920973115,37.1174479963664,0
2023-01-15 19:00:00,3.997470635362191,27.04478853927545,0
2023-01-15 20:00:00,4.98148686400761,37.268777758737585,0
2023-01-15 21:00:00,4.711341361079862,41.959020027012734,0
2023-01-15 22:00:00,8.183276863262712,40.786075322165686,1
2023-01-15 23:00:00,4.172769056447677,40.91679959889578,0
2023-01-16 00:00:00,5.519346514241172,39.923450754135025,0
2023-01-16 01:00:00,6.532738913002578,42.89645749800544,0
2023-01-16 02:00:00,4.891239851543142,40.59790184207077,0
2023-01-16 03:00:00,5.401711722098941,35.134655295592225,0
2023-01-16 04:00:00,5.690143991711112,45.982857508322454,0
2023-01-16 05:00:00,8.021358513706325,47.33433938528596,1
2023-01-16 06:00:00,5.224092481810417,39.86347730245034,0
2023-01-16 07:00:00,5.012592400781795,35.33366020463402,0
2023-01-16 08:00:00,5.097676098548832,37.78358874404245,0
2023-01-16 09:00:00,4.226990216144533,35.575986429865495,0
2023-01-16 10:00:00,5.024510174258943,39.135269700382885,0
2023-01-16 11:00:00,5.49799829124545,48.558542400711715,0
2023-01-16 12:00:00,6.451143607795042,33.140494285343216,0
2023-01-16 13:00:00,5.9592708260852065,31.932193010616295,0
2023-01-16 14:00:00,7.153182457511557,47.35585163746804,0
2023-01-16 15:00:00,4.23265243711195,38.95338161424067,0
2023-01-16 16:00:00,5.872320636720678,36.65463630670042,0
2023-01-16 17:00:00,5.183342005738352,45.199523436980385,0
2023-01-16 18:00:00,7.189802933217672,36.97192230131568,0
2023-01-16 19:00:00,7.167253122907796,57.79448945479691,1
2023-01-16 20:00:00,4.160278157819224,43.38962935669635,0
2023-01-16 21:00:00,4.400607354555978,37.560442959271484,0
2023-01-16 22:00:00,2.876104275690193,50.786541066327516,0
2023-01-16 23:00:00,4.474244978319239,36.971425384983306,0
2023-01-17 00:00:00,4.240867338446302,43.71047686004653,0
2023-01-17 01:00:00,5.150393786476208,41.49646290203246,0
2023-01-17 02:00:00,5.3417559757771595,46.50870644699399,0
2023-01-17 03:00:00,6.876170839215886,47.807555983634266,0
2023-01-17 04:00:00,5.95042383818605,40.160020745328836,0
2023-01-17 05:00:00,4.423096344337597,36.23291064826908,0
2023-01-17 06:00:00,6.3989904052498545,52.88424617134833,1
2023-01-17 07:00:00,5.491919171506506,36.61142315123947,0
2023-01-17 08:00:00,3.6797667929793576,50.066936237633115,0
2023-01-17 09:00:00,6.831458765854354,40.68267665541369,0
2023-01-17 10:00:00,6.179440120721287,38.17339224343946,0
2023-01-17 11:00:00,4.530824347895296,40.92340152932454,0
2023-01-17 12:00:00,3.2868654709091225,33.26436855235152,0
2023-01-17 13:00:00,6.353872374165412,35.14192980744674,0
2023-01-17 14:00:00,4.885460154747382,46.00206953972213,0
2023-01-17 15:00:00,6.237816311973462,36.71552860514302,0
2023-01-17 16:00:00,3.405572341205633,34.765445086590304,0
2023-01-17 17:00:00,4.400624977046228,42.68326376263643,0
2023-01-17 18:00:00,5.005243699718183,45.928520773314986,0
2023-01-17 19:00:00,5.046980593764742,43.594766553325336,0
2023-01-17 20:00:00,4.549934528520756,44.98023842902908,0
2023-01-17 21:00:00,5.622849932347499,36.21602455715269,0
2023-01-17 22:00:00,3.932379570617406,32.89094666629078,0
2023-01-17 23:00:00,4.857620514978707,47.506668259777435,0
2023-01-18 00:00:00,5.120295631711899,38.38660080578932,0
2023-01-18 01:00:00,5.514438834058749,38.745834917724764,0
2023-01-18 02:00:00,5.71161487808889,46.64097070924529,0
2023-01-18 03:00:00,3.8753579081621305,42.7811500470033,0
2023-01-18 04:00:00,3.4658858292643777,42.279438860408035,0
2023-01-18 05:00:00,6.277676821898509,50.825011724505416,0
2023-01-18 06:00:00,5.332314011979592,36.78240884809929,0
2023-01-18 07:00:00,7.2253112381547115,54.26454260359344,1
2023-01-18 08:00:00,6.551151975522523,40.28506562448542,0
2023-01-18 09:00:00,5.1156746342928585,41.34296139431628,0
2023-01-18 10:00:00,6.179297184063826,47.64234213206266,0
2023-01-18 11:00:00,5.067518481410109,42.53917878144812,0
2023-01-18 12:00:00,7.060747924881987,42.69148039524816,0
2023-01-18 13:00:00,6.755340842443204,45.362536686549014,0
2023-01-18 14:00:00,4.751035851520927,38.17523635228557,0
2023-01-18 15:00:00,5.971570950954355,35.80395166330497,0
2023-01-18 16:00:00,5.645375949585148,34.775954029894834,0
2023-01-18 17:00:00,6.368631557532349,30.16821705311999,0
2023-01-18 18:00:00,4.0350765394198955,50.28103564970161,0
2023-01-18 19:00:00,5.686051459998439,34.483958171391585,0
2023-01-18 20:00:00,6.058424486849588,38.89373188207114,0
2023-01-18 21:00:00,3.2412605135768855,38.6159335005554,0
2023-01-18 22:00:00,3.816741487334225,41.537033489045506,0
2023-01-18 23:00:00,6.812820580367645,49.60222359604654,1
2023-01-19 00:00:00,4.730593165555442,44.30236744179873,0
2023-01-19 01:00:00,5.717542255795962,37.08461280715531,0
2023-01-19 02:00:00,6.502357052096028,39.16439143106794,0
2023-01-19 03:00:00,5.074094780419776,41.4128997524415,0
2023-01-19 04:00:00,6.628615545571292,38.75654436908226,0
2023-01-19 05:00:00,7.243344399552468,53.79532757482983,1
2023-01-19 06:00:00,3.2966175606448456,42.45487475819126,0
2023-01-19 07:00:00,4.944452301103381,43.67438893024909,0
2023-01-19 08:00:00,5.384065448939308,43.31440634333706,0
2023-01-19 09:00:00,4.967305251905907,45.86736928742663,0
2023-01-19 10:00:00,2.9325578999601234,40.90510779351853,0
2023-01-19 11:00:00,4.910879960487212,33.51584026022077,0
2023-01-19 12:00:00,3.695530499495147,41.99843975876321,0
2023-01-19 13:00:00,5.669672548830039,36.74321553104085,0
2023-01-19 14:00:00,5.366598246096848,37.35691659125121,0
2023-01-19 15:00:00,4.060120213672644,42.931820093775464,0
2023-01-19 16:00:00,4.486133082663306,46.19141535716818,0
2023-01-19 17:00:00,3.9407864781110487,40.10635788368031,0
2023-01-19 18:00:00,4.937320902726828,41.54416506299482,0
2023-01-19 19:00:00,5.955142320501238,48.51107472317619,0
2023-01-19 20:00:00,4.014273953664456,41.20376589744284,0
2023-01-19 21:00:00,5.504046515517844,53.008415570901974,0
2023-01-19 22:00:00,4.469742381627559,42.827548228157724,0
2023-01-19 23:00:00,4.207127167737656,31.19618620422091,0
2023-01-20 00:00:00,4.892969640045442,43.76670810552266,0
2023-01-20 01:00:00,3.964757677580626,41.90579192441389,0
2023-01-20 02:00:00,4.446350694652818,46.44876377041373,0
2023-01-20 03:00:00,3.8021221074111518,43.365906756349794,0
2023-01-20 04:00:00,6.9647251329163895,39.30772008008113,0
2023-01-20 05:00:00,5.035263551971728,33.87850881855317,0
2023-01-20 06:00:00,4.300274492007414,38.95488371356987,0
2023-01-20 07:00:00,5.213979910734222,35.7473977289535,0
2023-01-20 08:00:00,4.88767195030917,37.09738275097639,0
2023-01-20 09:00:00,4.779030400466777,42.942892022103045,0
2023-01-20 10:00:00,5.614166700043425,48.34952252175703,0
2023-01-20 11:00:00,5.757507710047305,41.9733576491149,0
2023-01-20 12:00:00,4.4694988523894725,34.02058468982408,0
2023-01-20 13:00:00,4.42418175935532,42.2230133411007,0
2023-01-20 14:00:00,4.724948302848356,45.98315743322826,0
2023-01-20 15:00:00,2.698078835264415,36.95108547840309,0
2023-01-20 16:00:00,3.4848089378014477,39.32991416663541,0
2023-01-20 17:00:00,6.3668742674445244,40.07344097364599,0
2023-01-20 18:00:00,6.644967713501284,36.0755084345888,0
2023-01-20 19:00:00,4.750963960443622,43.2414021692193,0
2023-01-20 20:00:00,5.576556963055767,39.39525925696109,0
2023-01-20 21:00:00,5.311250154543536,42.09766221953514,0
2023-01-20 22:00:00,8.078880808455239,35.5625391109895,0
2023-01-20 23:00:00,6.119574911434577,37.812708498382946,0
2023-01-21 00:00:00,4.872082408519233,43.61190678913886,0
2023-01-21 01:00:00,4.0444595593995745,38.13583423954117,0
2023-01-21 02:00:00,3.3935536797424275,48.63481925616703,0
2023-01-21 03:00:00,5.203463635867223,38.00181907192699,0
2023-01-21 04:00:00,4.243649254715697,41.12342362875943,0
2023-01-21 05:00:00,3.5777462904023256,44.66295415936545,0
2023-01-21 06:00:00,4.353427115757474,32.90817133533484,0
2023-01-21 07:00:00,3.9184519963856053,31.19595594009612,0
2023-01-21 08:00:00,6.687141635072565,32.371718427149524,0
2023-01-21 09:00:00,8.850637752266435,55.09919016142156,1
2023-01-21 10:00:00,4.992027358683383,37.240709270537764,0
2023-01-21 11:00:00,6.479944138890026,52.79099642834126,0
2023-01-21 12:00:00,5.077368307647618,37.17876200671306,0
2023-01-21 13:00:00,7.61444043720078,51.83812968809229,1
2023-01-21 14:00:00,6.5231240772696575,47.71054976283938,0
2023-01-21 15:00:00,5.538910043684659,50.03046444079561,0
2023-01-21 16:00:00,3.962753845673544,50.30751788318199,0
2023-01-21 17:00:00,4.8096613219163915,46.04183115296571,0
2023-01-21 18:00:00,4.124381746615243,45.12031262905731,0
2023-01-21 19:00:00,3.617200269035664,42.96263474600592,0
2023-01-21 20:00:00,5.926177547531641,43.89180538083319,0
2023-01-21 21:00:00,6.9094166404701305,37.244071418357336,0
2023-01-21 22:00:00,3.6014324261808586,35.90900558288846,0
2023-01-21 23:00:00,5.562969236690571,39.98312771294524,0
2023-01-22 00:00:00,4.3493574308781735,39.14907688737536,0
2023-01-22 01:00:00,4.512874616235304,37.733859753363625,0
2023-01-22 02:00:00,4.407606075761131,43.481937237283574,0
2023-01-22 03:00:00,6.9527557201361585,49.28151635740208,1
2023-01-22 04:00:00,5.048521627944827,40.442034431459234,0
2023-01-22 05:00:00,4.169049883588962,47.38765040527631,0
2023-01-22 06:00:00,5.2704568257798385,34.29155442933248,0
2023-01-22 07:00:00,7.097826097137503,48.03224235129815,1
2023-01-22 08:00:00,4.76105195313359,36.41588839698598,0
2023-01-22 09:00:00,4.092436337958402,30.6673169146347,0
2023-01-22 10:00:00,4.423228669431667,39.586596570786504,0
2023-01-22 11:00:00,5.755391225825756,39.39126245808358,0
2023-01-22 12:00:00,5.500917187624381,47.567248716210656,0
2023-01-22 13:00:00,4.022444755201449,43.154058422773886,0
2023-01-22 14:00:00,5.099332305429225,34.87906587835398,0
2023-01-22 15:00:00,8.289154129307011,58.217967118636096,1
2023-01-22 16:00:00,3.3305947188786282,46.10516847762676,0
2023-01-22 17:00:00,5.543360192379935,42.910488517343076,0
2023-01-22 18:00:00,4.337376241054153,38.86757950575084,0
2023-01-22 19:00:00,5.570598668593159,35.2028038163826,0
2023-01-22 20:00:00,4.236740843457483,38.138966119644735,0
2023-01-22 21:00:00,3.195117899335481,45.443743098520926,0
2023-01-22 22:00:00,3.3724575621168373,49.42293152967304,0
2023-01-22 23:00:00,5.048084946661382,47.71621764136094,0
2023-01-23 00:00:00,5.259722501721482,37.55575289106863,0
2023-01-23 01:00:00,4.095683374895591,34.401912833554945,0
2023-01-23 02:00:00,5.638592458777374,40.70443123455602,0
2023-01-23 03:00:00,3.33847993773104,31.157803172185744,0
2023-01-23 04:00:00,4.9339202013526835,41.615838570923906,0
2023-01-23 05:00:00,3.7889838002375433,39.261987068506656,0
2023-01-23 06:00:00,4.3481638921978405,37.66981749065879,0
2023-01-23 07:00:00,5.047398671316414,32.026484663666025,0
2023-01-23 08:00:00,4.139586634716047,42.568000532848586,0
2023-01-23 09:00:00,4.615444455770175,37.33649580169045,0
2023-01-23 10:00:00,6.0062928092144405,34.15041582144856,0
2023-01-23 11:00:00,4.423108130476852,25.63868893359175,0
2023-01-23 12:00:00,5.835692112065142,39.86242547474682,0
2023-01-23 13:00:00,3.870293145342382,48.86125798334872,0
2023-01-23 14:00:00,5.529804177915283,48.30629607273935,0
2023-01-23 15:00:00,10.223013004912,50.49119427348554,1
2023-01-23 16:00:00,2.5283554998727107,36.988939698191096,0
2023-01-23 17:00:00,4.203104744529523,42.34387128037512,0
2023-01-23 18:00:00,5.57707212718054,35.00807280405854,0
2023-01-23 19:00:00,4.796954613957007,41.50895949909733,0
2023-01-23 20:00:00,8.234149332456656,53.060357768497724,1
2023-01-23 21:00:00,4.39601481328418,46.13466611942154,0
2023-01-23 22:00:00,5.0865897874729,39.499229617600236,0
2023-01-23 23:00:00,4.84432276460792,38.98163124911517,0
2023-01-24 00:00:00,6.167782061659807,35.6100870662172,0
2023-01-24 01:00:00,5.254420843301213,35.865598229800696,0
2023-01-24 02:00:00,5.337602662075202,38.86760554049236,0
2023-01-24 03:00:00,4.588123033877532,41.83682753408089,0
2023-01-24 04:00:00,4.512393775927507,44.567923131166246,0
2023-01-24 05:00:00,4.5674418121803795,35.984105246598276,0
2023-01-24 06:00:00,5.394452142378297,47.46344284479761,0
2023-01-24 07:00:00,4.5790155191797375,38.64438199478715,0
2023-01-24 08:00:00,5.289774856896413,39.89316352825782,0
2023-01-24 09:00:00,7.075400798645439,36.263941604260886,0
2023-01-24 10:00:00,5.8711247034316925,27.878798698635293,0
2023-01-24 11:00:00,4.6739764678321585,44.42022698180525,0
2023-01-24 12:00:00,6.201213922163944,43.684219485462165,0
2023-01-24 13:00:00,4.591924626978448,38.593362214408934,0
2023-01-24 14:00:00,2.961875464822146,40.33495358612436,0
2023-01-24 15:00:00,3.9919136890825957,42.5796960885205,0
2023-01-24 16:00:00,3.1292080789741443,32.18727071556729,0
2023-01-24 17:00:00,4.648486515958691,37.35473661326853,0
2023-01-24 18:00:00,5.018418379189551,43.971323398109135,0
2023-01-24 19:00:00,6.676437312275283,33.72855288415376,0
2023-01-24 20:00:00,5.326927373764162,41.46778966083315,0
2023-01-24 21:00:00,4.780899471191136,33.21709097688297,0
2023-01-24 22:00:00,5.829405581183489,42.33214991216763,0
2023-01-24 23:00:00,2.788864690992115,39.82179258851258,0
2023-01-25 00:00:00,5.235614558108566,31.924340920472453,0
2023-01-25 01:00:00,5.770865193886967,45.82369677228586,0
2023-01-25 02:00:00,3.5214137542201582,36.32704211600976,0
2023-01-25 03:00:00,6.143754043206929,35.948737814928094,0
2023-01-25 04:00:00,8.216804417806905,51.76882395563658,1
2023-01-25 05:00:00,4.584712086099199,45.743186747143575,0
2023-01-25 06:00:00,5.632781866106285,34.92089090510802,0
2023-01-25 07:00:00,7.270692857804396,40.308399249239855,0
2023-01-25 08:00:00,5.1818662550584955,42.14408250165287,0
2023-01-25 09:00:00,5.248220586300336,43.46552803631572,0
2023-01-25 10:00:00,4.540639100459756,40.882207776386124,0
2023-01-25 11:00:00,4.150155630535208,38.16486080458339,0
2023-01-25 12:00:00,5.830335816544245,35.8620488967564,0
2023-01-25 13:00:00,4.1439161740911326,40.43071941523188,0
2023-01-25 14:00:00,5.071566237219392,34.639304940071966,0
2023-01-25 15:00:00,4.522342553234884,25.393247582526964,0
2023-01-25 16:00:00,5.478979825746392,42.18279902078834,0
2023-01-25 17:00:00,5.333662105286948,44.519674205430974,0
2023-01-25 18:00:00,6.037539944257899,28.18533782229081,0
2023-01-25 19:00:00,4.489983601145253,34.95134647645031,0
2023-01-25 20:00:00,4.730125064706629,43.09577130502599,0
2023-01-25 21:00:00,4.021236284217693,50.2874773485585,0
2023-01-25 22:00:00,4.555706739923888,40.10396853837704,0
2023-01-25 23:00:00,5.377300493044852,36.35998529385433,0
2023-01-26 00:00:00,5.756988616645351,39.0855177944758,0
2023-01-26 01:00:00,4.077834675822374,46.87438209574093,0
2023-01-26 02:00:00,5.86960592010566,36.77017910437732,0
2023-01-26 03:00:00,6.3556378588049505,36.004039966748735,0
2023-01-26 04:00:00,5.413434903223701,37.58628238908984,0
2023-01-26 05:00:00,6.876795812558066,35.23335695870644,0
2023-01-26 06:00:00,4.2262108008964265,40.61335157997398,0
2023-01-26 07:00:00,3.755345296688583,48.1233922923478,0
2023-01-26 08:00:00,3.2212797510957216,41.615396365580146,0
2023-01-26 09:00:00,6.496044311489183,38.73823248936856,0
2023-01-26 10:00:00,5.654365656354058,38.54094365542228,0
2023-01-26 11:00:00,4.944415329089545,32.18404595651671,0
2023-01-26 12:00:00,5.27996862631982,44.415548885735795,0
2023-01-26 13:00:00,3.8745109527016233,39.61081401493599,0
2023-01-26 14:00:00,7.445751979616826,39.097600432046875,0
2023-01-26 15:00:00,5.129221181975227,55.965537839224304,0
2023-01-26 16:00:00,5.109394794604893,41.49376454182843,0
2023-01-26 17:00:00,5.725766623898692,36.24104474952408,0
2023-01-26 18:00:00,5.481009231736714,37.86821201897229,0
2023-01-26 19:00:00,5.223884024279132,45.74222854598378,0
2023-01-26 20:00:00,4.209525544554688,40.56635205268882,0
2023-01-26 21:00:00,5.471468357135996,32.80861010841316,0
2023-01-26 22:00:00,6.882024496475034,44.596144672876015,0
2023-01-26 23:00:00,6.3454200461549775,36.65927957230503,0
2023-01-27 00:00:00,6.5931866266393975,49.366488881087726,0
2023-01-27 01:00:00,4.488784323568815,45.40024032857324,0
2023-01-27 02:00:00,4.010395179741419,37.76339052170624,0
2023-01-27 03:00:00,4.874213079900352,46.40508180867556,0
2023-01-27 04:00:00,5.055724912288695,40.339277552637014,0
2023-01-27 05:00:00,6.094191518470948,44.263868375611096,0
2023-01-27 06:00:00,3.307535370285181,42.42366408647237,0
2023-01-27 07:00:00,6.529550319460614,35.76821672504563,0
2023-01-27 08:00:00,4.8419921014210106,36.78225083841269,0
2023-01-27 09:00:00,4.57311893005258,45.14980408790581,0
2023-01-27 10:00:00,3.9878956247398323,38.326123339467294,0
2023-01-27 11:00:00,3.3451433281342307,37.981757683790015,0
2023-01-27 12:00:00,5.823170583961915,35.224387103253235,0
2023-01-27 13:00:00,5.073317967188403,42.11799532796731,0
2023-01-27 14:00:00,3.710039100258946,50.31262459621573,0
2023-01-27 15:00:00,3.704921227936384,34.66233542872864,0
2023-01-27 16:00:00,4.664215300709872,40.12109728336379,0
2023-01-27 17:00:00,6.669021525289393,47.061102777077146,0
2023-01-27 18:00:00,4.740408648636395,39.60179304377142,0
2023-01-27 19:00:00,3.496857046881894,42.26185898124867,0
2023-01-27 20:00:00,7.604337837776615,44.97054663944053,1
2023-01-27 21:00:00,4.72727643025233,42.141535486038244,0
2023-01-27 22:00:00,2.3031133570584283,39.06427867497726,0
2023-01-27 23:00:00,4.945705133482188,44.928649978399314,0
2023-01-28 00:00:00,4.769065469791322,45.936930257823754,0
2023-01-28 01:00:00,5.696206364813419,52.94781821009307,0
2023-01-28 02:00:00,6.848956094945345,42.89816586606788,0
2023-01-28 03:00:00,6.126565029547757,41.62898158291083,0
2023-01-28 04:00:00,4.731111309445169,40.97192150788668,0
2023-01-28 05:00:00,3.8934740912583297,38.23416853594656,0
2023-01-28 06:00:00,7.57335980324986,41.692419217308455,0
2023-01-28 07:00:00,5.059218434014488,38.52299294930485,0
2023-01-28 08:00:00,5.013929291912946,40.84230488134807,0
2023-01-28 09:00:00,4.975874912889997,46.587987678039795,0
2023-01-28 10:00:00,5.198084760767855,34.9672871736018,0
2023-01-28 11:00:00,4.855639588076057,45.699392805645225,0
2023-01-28 12:00:00,4.4263379931197635,46.58557533669933,0
2023-01-28 13:00:00,4.453141058759607,39.40965736504461,0
2023-01-28 14:00:00,4.9672467297840015,29.390725504957025,0
2023-01-28 15:00:00,4.456575228866235,36.96089006452784,0
2023-01-28 16:00:00,4.287154217322835,46.484972732805545,0
2023-01-28 17:00:00,5.106430227691897,39.88565968850559,0
2023-01-28 18:00:00,4.745022782579145,35.00348883852545,0
2023-01-28 19:00:00,6.503992988582689,37.476125393858915,0
2023-01-28 20:00:00,2.349030191606988,44.20310013252276,0
2023-01-28 21:00:00,6.091506851922462,42.7336678410069,0
2023-01-28 22:00:00,6.246085192497629,38.805339504151526,0
2023-01-28 23:00:00,2.9266097675918505,38.16587794092656,0
2023-01-29 00:00:00,4.657312405919651,38.04120925478089,0
2023-01-29 01:00:00,4.628559134004209,35.387949077507486,0
2023-01-29 02:00:00,3.5924883052821786,48.07687844734721,0
2023-01-29 03:00:00,4.222183312409125,38.3883976539433,0
2023-01-29 04:00:00,3.8894241545341712,46.085792604127484,0
2023-01-29 05:00:00,6.7522704434236225,47.60658025961226,0
2023-01-29 06:00:00,5.9356783931474615,44.9915544907398,0
2023-01-29 07:00:00,6.2715550949941585,37.84189843640976,0
2023-01-29 08:00:00,5.7216720640432355,42.018650451683044,0
2023-01-29 09:00:00,3.870948228782771,39.87902196804542,0
2023-01-29 10:00:00,4.475479733720226,35.48149069634936,0
2023-01-29 11:00:00,5.489374561227918,41.62179640860801,0
2023-01-29 12:00:00,3.7778721911080546,34.10480104420099,0
2023-01-29 13:00:00,5.712998430172388,45.93839694230782,0
2023-01-29 14:00:00,4.759674601841865,37.67691351350803,0
2023-01-29 15:00:00,4.625179192450402,41.0057982793642,0
2023-01-29 16:00:00,5.7109599682034915,41.41643935773071,0
2023-01-29 17:00:00,9.396331606272543,44.444342171865216,1
2023-01-29 18:00:00,4.63903383418092,42.933469007376374,0
2023-01-29 19:00:00,6.159329803364248,37.62548171688738,0
2023-01-29 20:00:00,3.9189366724001027,44.35648648728622,0
2023-01-29 21:00:00,5.615935606944264,33.27010159876626,0
2023-01-29 22:00:00,5.593101257968383,40.63189789773206,0
2023-01-29 23:00:00,4.690453560686009,49.694644995291426,0
2023-01-30 00:00:00,5.326133022242118,34.99834337697213,0
2023-01-30 01:00:00,3.748886423614697,36.61127514737574,0
2023-01-30 02:00:00,5.924027019206901,42.569539248294575,0
2023-01-30 03:00:00,4.8150978635570105,40.89790890969799,0
2023-01-30 04:00:00,4.47727697948096,41.753150496367795,0
2023-01-30 05:00:00,6.0490092258368895,42.44593565073832,0
2023-01-30 06:00:00,4.29565630945724,43.17360734280885,0
2023-01-30 07:00:00,3.5915387036364406,45.54849920978111,0
2023-01-30 08:00:00,3.4433708264760963,42.04909328464257,0
2023-01-30 09:00:00,5.60600995134564,38.79371172690729,0
2023-01-30 10:00:00,3.719570647503717,43.362868506013655,0
2023-01-30 11:00:00,6.754794181984365,49.49940967447608,0
2023-01-30 12:00:00,2.918070592116278,39.33683126808713,0
2023-01-30 13:00:00,6.696456368290038,35.12735347664679,0
2023-01-30 14:00:00,5.211017467202619,45.53540334643486,0
2023-01-30 15:00:00,4.903286888129608,39.39809418023201,0
2023-01-30 16:00:00,4.4550809131910505,29.13665226992982,0
2023-01-30 17:00:00,5.399136114352071,44.23710838575211,0
2023-01-30 18:00:00,4.962365297575151,37.32335907023039,0
2023-01-30 19:00:00,6.103301882016521,39.5473335884792,0
2023-01-30 20:00:00,5.114227648662039,41.65990165284507,0
2023-01-30 21:00:00,5.150301761461877,40.95249839889533,0
2023-01-30 22:00:00,4.636387787786144,43.547259085695195,0
2023-01-30 23:00:00,4.9430543762789325,37.82256814715078,0
2023-01-31 00:00:00,5.307801768892059,42.565528990880416,0
2023-01-31 01:00:00,3.289831607343374,38.702266612080415,0
2023-01-31 02:00:00,3.651814577894287,43.694052404437514,0
2023-01-31 03:00:00,5.743264094022715,43.07683742006527,0
2023-01-31 04:00:00,5.170865438127942,35.32280648977702,0
2023-01-31 05:00:00,4.8160166636473205,45.42991058087516,0
2023-01-31 06:00:00,5.018433933065393,37.32018277442976,0
2023-01-31 07:00:00,5.347581705361671,44.040288991405724,0
2023-01-31 08:00:00,4.460240319690638,41.8364365670067,0
2023-01-31 09:00:00,4.221695274597687,49.190918383975614,0
2023-01-31 10:00:00,5.195845255097682,38.88267008814074,0
2023-01-31 11:00:00,4.021627222384968,38.25341601940901,0
2023-01-31 12:00:00,5.4082527557144715,39.90290197056134,0
2023-01-31 13:00:00,3.2974163957621596,38.48410108582862,0
2023-01-31 14:00:00,6.029155637325644,43.99970950971025,0
2023-01-31 15:00:00,5.472597482413043,31.91844695781706,0
2023-01-31 16:00:00,5.256029734313875,34.73158790426823,0
2023-01-31 17:00:00,5.982690983945514,34.66098539210404,0
2023-01-31 18:00:00,6.665474444462577,44.751537959867875,0
2023-01-31 19:00:00,6.014370065018131,48.553066862909624,0
2023-01-31 20:00:00,3.1591257686683547,39.47775390731264,0
2023-01-31 21:00:00,3.7204230332642982,39.155891384049944,0
2023-01-31 22:00:00,4.375181422304321,40.35026081556591,0
2023-01-31 23:00:00,5.026091050210834,45.80939151304095,0
2023-02-01 00:00:00,5.517659020469123,35.36323432904713,0
2023-02-01 01:00:00,4.274256186846534,41.191844913673926,0
2023-02-01 02:00:00,8.99974622215811,56.41240258217562,1
2023-02-01 03:00:00,4.2446170676466775,42.50547084969923,0
2023-02-01 04:00:00,4.388482197008051,40.94790808299372,0
2023-02-01 05:00:00,3.5933389031517775,45.005230462835705,0
2023-02-01 06:00:00,4.076766753889096,26.483838535003812,0
2023-02-01 07:00:00,3.6483153943836664,43.38937659765454,0
2023-02-01 08:00:00,4.024126747022668,36.72962158436288,0
2023-02-01 09:00:00,10.163031913331906,41.27762852663029,1
2023-02-01 10:00:00,4.050601111168057,42.556012997624904,0
2023-02-01 11:00:00,7.63238206483739,46.86829272581479,0
2023-02-01 12:00:00,5.493317900880889,39.31275742686154,0
2023-02-01 13:00:00,5.184836123694874,44.76437273601469,0
2023-02-01 14:00:00,4.141642219818786,48.06139128994323,0
2023-02-01 15:00:00,5.700309879408992,46.57457226792024,0
2023-02-01 16:00:00,4.424362173762226,48.199822646856965,0
2023-02-01 17:00:00,5.122009814645361,43.71063745535946,0
2023-02-01 18:00:00,7.560084538268795,40.377168194507966,0
2023-02-01 19:00:00,4.90394010027535,31.990170940514158,0
2023-02-01 20:00:00,6.149273326285676,38.76968755935026,0
2023-02-01 21:00:00,4.296823574874113,35.78376702341904,0
2023-02-01 22:00:00,4.9650115095030385,50.85471358748907,0
2023-02-01 23:00:00,6.77080063563551,39.120570937838316,0
2023-02-02 00:00:00,4.373032942212233,40.61602403392243,0
2023-02-02 01:00:00,6.8124485579969285,42.75742688020234,0
2023-02-02 02:00:00,5.707751935455476,40.21801223186227,0
2023-02-02 03:00:00,4.437533224105732,48.47525520215376,0
2023-02-02 04:00:00,5.632407739055521,36.88675319132774,0
2023-02-02 05:00:00,5.97255444962673,40.97303727618621,0
2023-02-02 06:00:00,5.621809962217196,36.28764707150976,0
2023-02-02 07:00:00,3.429775280109544,33.399887443896475,0
2023-02-02 08:00:00,4.272862824175132,36.94115454547357,0
2023-02-02 09:00:00,4.752481364448495,39.81481601475794,0
2023-02-02 10:00:00,4.925566570899954,37.8534888774137,0
2023-02-02 11:00:00,5.620672097550678,36.53789510063072,0
2023-02-02 12:00:00,5.177701000933254,32.96841268164083,0
2023-02-02 13:00:00,3.6646556412898987,39.584472136856526,0
2023-02-02 14:00:00,5.380197851005963,32.47639812984499,0
2023-02-02 15:00:00,5.6105857452838235,43.80027981844801,0
2023-02-02 16:00:00,5.559790447931039,40.41219876467252,0
2023-02-02 17:00:00,6.080780725554622,32.712242502675345,0
2023-02-02 18:00:00,5.833922154548904,38.453954614750685,0
2023-02-02 19:00:00,5.459180079228437,36.239217972047086,0
2023-02-02 20:00:00,4.929834288541353,41.595872552095905,0
2023-02-02 21:00:00,3.3390390664840086,46.702252230115725,0
2023-02-02 22:00:00,5.4296182191325855,30.624137651771278,0
2023-02-02 23:00:00,5.207687687163111,40.575130395737084,0
2023-02-03 00:00:00,5.271578837195373,39.1993360221668,0
2023-02-03 01:00:00,3.723251424179691,43.35670038225233,0
2023-02-03 02:00:00,3.9189434595917376,41.06598314118845,0
2023-02-03 03:00:00,6.053152853332904,36.240153341305906,0
2023-02-03 04:00:00,4.960444846143345,38.40473032166691,0
2023-02-03 05:00:00,5.681500697372624,36.019870715982556,0
2023-02-03 06:00:00,5.0283183761304615,45.38003569299299,0
2023-02-03 07:00:00,5.0297561394957455,40.106558243359714,0
2023-02-03 08:00:00,5.938283805975997,49.50595342876504,0
2023-02-03 09:00:00,4.4839552717826265,39.69669593092689,0
2023-02-03 10:00:00,5.0961207769409835,36.45796616544769,0
2023-02-03 11:00:00,4.537724711294958,32.43142803693586,0
2023-02-03 12:00:00,4.565503772567684,30.984301618720274,0
2023-02-03 13:00:00,4.690827876531361,32.07932028497255,0
2023-02-03 14:00:00,5.222133771633713,41.33563325505742,0
2023-02-03 15:00:00,4.5212513783365225,42.54362511614967,0
2023-02-03 16:00:00,6.255756125573521,32.094046489839336,0
2023-02-03 17:00:00,4.105392697780496,44.475191570380574,0
2023-02-03 18:00:00,4.813128355838641,37.5846947415828,0
2023-02-03 19:00:00,4.560268941725825,40.73396505992775,0
2023-02-03 20:00:00,6.446977884353733,48.06110314127712,0
2023-02-03 21:00:00,5.196554776511575,44.48419657932766,0
2023-02-03 22:00:00,6.031844539468635,38.65734676047084,0
2023-02-03 23:00:00,3.514439626963028,35.544038872923565,0
2023-02-04 00:00:00,5.267050265869258,29.240922993353475,0
2023-02-04 01:00:00,5.889630795623437,36.4042334037879,0
2023-02-04 02:00:00,5.082283989275425,38.94434880586153,0
2023-02-04 03:00:00,6.065480375065351,35.06410236424408,0
2023-02-04 04:00:00,4.482711549899628,39.34371516453847,0
2023-02-04 05:00:00,6.40934744018558,40.38425941479384,0
2023-02-04 06:00:00,7.29889812361925,38.875720090959604,0
2023-02-04 07:00:00,4.637161439560341,36.7499870958827,0
2023-02-04 08:00:00,4.554497478599228,40.84327335983364,0
2023-02-04 09:00:00,6.453384477117701,42.209703247847045,0
2023-02-04 10:00:00,6.579572145730713,34.54800461278577,0
2023-02-04 11:00:00,4.477139972846731,47.054661898731354,0
2023-02-04 12:00:00,4.579813182904143,39.50705933857869,0
2023-02-04 13:00:00,4.718215391139493,40.09424811472424,0
2023-02-04 14:00:00,3.6555494889657227,43.541072116282784,0
2023-02-04 15:00:00,4.081348053515802,41.16608065631751,0
2023-02-04 16:00:00,3.9958592332479324,44.76568316956622,0
2023-02-04 17:00:00,4.232202434895871,41.43562082600912,0
2023-02-04 18:00:00,4.965315112613219,36.93781312679781,0
2023-02-04 19:00:00,5.234214732536521,41.80751762603051,0
2023-02-04 20:00:00,6.550500492814077,34.28136896339669,0
2023-02-04 21:00:00,4.001645959261209,40.542798528882614,0
2023-02-04 22:00:00,5.984322398476584,39.8338500467777,0
2023-02-04 23:00:00,4.786011155774491,38.9594157136373,0
2023-02-05 00:00:00,4.950536290347567,39.357312442805345,0
2023-02-05 01:00:00,5.674819492166604,30.590754772511804,0
2023-02-05 02:00:00,3.8772779784377014,37.25637546129519,0
2023-02-05 03:00:00,5.3824097461840505,40.46422450570557,0
2023-02-05 04:00:00,5.166452208213056,40.799281959987,0
2023-02-05 05:00:00,5.4924512640081495,34.861624295370206,0
2023-02-05 06:00:00,5.289168643907818,46.328539204323505,0
2023-02-05 07:00:00,10.375777534710869,46.68566303827667,1
2023-02-05 08:00:00,4.362260015748684,44.84728600263368,0
2023-02-05 09:00:00,4.469003044998182,42.13597180935842,0
2023-02-05 10:00:00,4.3768594735752355,36.768863450780984,0
2023-02-05 11:00:00,4.444522880839745,48.87655446304756,0
2023-02-05 12:00:00,4.362612872693482,34.0318158412176,0
2023-02-05 13:00:00,6.189016531107551,44.59577086805001,0
2023-02-05 14:00:00,9.568316492363403,62.85538700308754,1
2023-02-05 15:00:00,4.429253706250524,36.64689895461677,0
2023-02-05 16:00:00,4.167644426895771,46.962326500321645,0
2023-02-05 17:00:00,5.471415556386404,38.74976742700524,0
2023-02-05 18:00:00,4.4477769557190285,41.44346814639928,0
2023-02-05 19:00:00,7.874610543045115,47.133383314858925,1
2023-02-05 20:00:00,5.2029230208512995,39.32845629264726,0
2023-02-05 21:00:00,3.484255885002768,44.05404136579891,0
2023-02-05 22:00:00,6.547505201330061,43.967443602761065,0
2023-02-05 23:00:00,6.7958776730955215,31.257340133809095,0
2023-02-06 00:00:00,4.387211309515614,46.52170121439076,0
2023-02-06 01:00:00,4.6122984400640155,31.68754005982163,0
2023-02-06 02:00:00,5.285865390724905,45.16273102170829,0
2023-02-06 03:00:00,5.3344567899870245,45.633525684137915,0
2023-02-06 04:00:00,5.65854427267283,34.54516784892401,0
2023-02-06 05:00:00,7.01020453876635,37.945928560227074,0
2023-02-06 06:00:00,4.82305277250595,34.47147665757032,0
2023-02-06 07:00:00,4.201702755461547,38.92539484855632,0
2023-02-06 08:00:00,3.620680771985473,38.45982857907129,0
2023-02-06 09:00:00,4.269069960058081,43.8983026613467,0
2023-02-06 10:00:00,4.966873027126203,46.55154373059804,0
2023-02-06 11:00:00,6.794557863517788,46.97841905394978,0
2023-02-06 12:00:00,4.482388700963829,37.189159867108486,0
2023-02-06 13:00:00,5.223787951638898,38.95389063127736,0
2023-02-06 14:00:00,4.983577103927248,31.58280903889525,0
2023-02-06 15:00:00,6.188393273448084,35.970649667519055,0
2023-02-06 16:00:00,7.526932425873621,44.82425816548729,0
2023-02-06 17:00:00,4.4691312270796795,48.07791411774116,0
2023-02-06 18:00:00,4.510560557481778,33.82825564060039,0
2023-02-06 19:00:00,9.78262809012821,50.487072003757746,1
2023-02-06 20:00:00,5.681891489626311,39.867971215205365,0
2023-02-06 21:00:00,6.846707325736034,41.400805794098034,0
2023-02-06 22:00:00,5.583928185325964,35.95198240039177,0
2023-02-06 23:00:00,4.64070790921294,42.12030522232045,0
2023-02-07 00:00:00,5.590654830692309,37.63080326464542,0
2023-02-07 01:00:00,6.108703580582908,39.927738645608606,0
2023-02-07 02:00:00,5.820482181197364,42.7314212400185,0
2023-02-07 03:00:00,5.507274031107298,40.03211134905469,0
2023-02-07 04:00:00,6.066674689589154,37.81807054736716,0
2023-02-07 05:00:00,6.169295590445673,39.451950980370846,0
2023-02-07 06:00:00,6.382158991037527,39.55818520397332,0
2023-02-07 07:00:00,8.064820111955676,47.57504981178865,1
2023-02-07 08:00:00,7.94126970156446,49.280677495470506,1
2023-02-07 09:00:00,5.146713686433323,47.99323585252358,0
2023-02-07 10:00:00,6.206508966508357,42.8045972397062,0
2023-02-07 11:00:00,4.183064329012764,38.5225984098542,0
2023-02-07 12:00:00,5.368673308872901,43.48477202255368,0
2023-02-07 13:00:00,4.606661187672639,38.33090255121995,0
2023-02-07 14:00:00,5.028744822934818,45.86562318793321,0
2023-02-07 15:00:00,6.278451862607299,41.84821096099047,0
2023-02-07 16:00:00,5.191099068019903,39.46348927997886,0
2023-02-07 17:00:00,5.046436548156149,42.23858462905139,0
2023-02-07 18:00:00,3.640143859020081,32.145619239657506,0
2023-02-07 19:00:00,5.746253566027221,34.36616265545097,0
2023-02-07 20:00:00,5.645484181141075,34.03037496800472,0
2023-02-07 21:00:00,7.16325472330546,40.714715473818536,0
2023-02-07 22:00:00,4.692221765046999,48.66257499742546,0
2023-02-07 23:00:00,5.219150327663939,51.15650073096316,0
2023-02-08 00:00:00,5.2493836837107555,43.19025550720379,0
2023-02-08 01:00:00,6.577453279763475,42.50422237472228,0
2023-02-08 02:00:00,4.904704467613048,30.994711329236303,0
2023-02-08 03:00:00,5.2790215257703395,37.286631001329894,0
2023-02-08 04:00:00,5.607896509716539,36.061081240458805,0
2023-02-08 05:00:00,5.186609123156358,36.89576200874442,0
2023-02-08 06:00:00,4.5535663854494715,39.15928090707605,0
2023-02-08 07:00:00,5.1940899928983075,37.63954711151436,0
2023-02-08 08:00:00,6.073631749859772,30.10350094812106,0
2023-02-08 09:00:00,3.9734847005889398,43.73955128058767,0
2023-02-08 10:00:00,5.132969674146876,34.636284871300965,0
2023-02-08 11:00:00,4.299879185060827,41.196234320555746,0
2023-02-08 12:00:00,6.1950466289248425,50.370413348749864,0
2023-02-08 13:00:00,3.476813095216225,35.403077042067885,0
2023-02-08 14:00:00,4.441078152728411,27.348562386268352,0
2023-02-08 15:00:00,5.377211875064521,38.569978890599444,0
2023-02-08 16:00:00,9.016872765417919,55.41377368439037,1
2023-02-08 17:00:00,4.934249738927012,49.79173727110297,0
2023-02-08 18:00:00,4.444800473306802,33.85225202773792,0
2023-02-08 19:00:00,6.88115706944059,42.48349611618261,0
2023-02-08 20:00:00,3.5519860995837558,37.67344771609973,0
2023-02-08 21:00:00,2.801194043379918,39.470258228479324,0
2023-02-08 22:00:00,5.440014450053332,53.221716735085174,0
2023-02-08 23:00:00,4.497945775647389,32.48514835802423,0
2023-02-09 00:00:00,3.9787671828692868,41.26869830747287,0
2023-02-09 01:00:00,5.708356447299353,42.33846585882716,0
2023-02-09 02:00:00,5.243800713771199,45.42893162469674,0
2023-02-09 03:00:00,4.435921369263272,40.489915767354475,0
2023-02-09 04:00:00,3.7196956013291054,41.540252697520515,0
2023-02-09 05:00:00,5.872457328280145,38.041757162891045,0
2023-02-09 06:00:00,5.650201177958661,41.34563470622554,0
2023-02-09 07:00:00,4.900824136220617,38.284038622512945,0
2023-02-09 08:00:00,6.846636996047666,43.107859449280255,0
2023-02-09 09:00:00,3.9299152336738477,38.15194831978183,0
2023-02-09 10:00:00,3.474474829075261,41.88550196951093,0
2023-02-09 11:00:00,4.3080919301187555,39.85368593157511,0
2023-02-09 12:00:00,4.9544139836445025,45.63025125386084,0
2023-02-09 13:00:00,5.243339449322692,39.743031382057566,0
2023-02-09 14:00:00,4.75876394214367,31.134837658965594,0
2023-02-09 15:00:00,5.352055396514297,46.30960750356996,0
2023-02-09 16:00:00,3.748460575809556,35.47133849568691,0
2023-02-09 17:00:00,6.44376460407326,36.731168306755904,0
2023-02-09 18:00:00,7.623415408238083,46.173220862986454,1
2023-02-09 19:00:00,6.117295831588128,46.87219046585409,0
2023-02-09 20:00:00,5.342725346377704,29.32162893010652,0
2023-02-09 21:00:00,5.456753219153784,55.688742668299966,0
2023-02-09 22:00:00,8.151136064707355,54.14061818885274,1
2023-02-09 23:00:00,5.447708560017315,41.116194570645796,0
2023-02-10 00:00:00,5.642722759867544,39.72552999691857,0
2023-02-10 01:00:00,6.329152530132431,41.427770374288286,0
2023-02-10 02:00:00,5.19652116970147,42.60561214189669,0
2023-02-10 03:00:00,5.709003757588512,43.22607792975028,0
2023-02-10 04:00:00,7.606326675374865,53.437039801163266,1
2023-02-10 05:00:00,6.440117215449472,40.44790340627625,0
2023-02-10 06:00:00,4.32360769794073,39.01330789846337,0
2023-02-10 07:00:00,6.800940432910815,39.24363358173244,0
2023-02-10 08:00:00,4.9598420493556565,39.0254585982366,0
2023-02-10 09:00:00,3.569224897881952,45.66885048433532,0
2023-02-10 10:00:00,5.128104414910789,42.96778361140431,0
2023-02-10 11:00:00,4.318948342525119,25.298056826678597,0
2023-02-10 12:00:00,5.840643548988724,43.279503882648804,0
2023-02-10 13:00:00,4.3473760206976095,40.97368097359387,0
2023-02-10 14:00:00,4.55381656678522,39.90645621777051,0
2023-02-10 15:00:00,3.110459269054469,38.05740773455557,0
2023-02-10 16:00:00,4.547693680750923,45.620563599930065,0
2023-02-10 17:00:00,2.5761206733710433,44.73763231061429,0
2023-02-10 18:00:00,6.146535824939788,43.101264267538596,1
2023-02-10 19:00:00,5.760414656144297,42.03526143562267,0
2023-02-10 20:00:00,8.511665761188294,46.64287466233711,1
2023-02-10 21:00:00,5.425457561784965,33.101909176055344,0
2023-02-10 22:00:00,4.033023856870787,36.86641387705018,0
2023-02-10 23:00:00,4.9522886438580205,44.311967361913794,0
2023-02-11 00:00:00,4.9963974609094315,44.76562522688043,0
2023-02-11 01:00:00,3.8416353108074572,42.56542710048647,0
2023-02-11 02:00:00,6.503398301767151,43.625478934239986,0
2023-02-11 03:00:00,5.877362290575672,42.58089143557479,0
2023-02-11 04:00:00,4.779035826170336,36.79259202388524,0
2023-02-11 05:00:00,5.026885838994531,42.159612723369705,0
2023-02-11 06:00:00,5.208382807947553,44.00204762613841,0
2023-02-11 07:00:00,2.9582651315757094,43.77145664906787,0
2023-02-11 08:00:00,4.752822617479403,45.94456685737322,0
2023-02-11 09:00:00,4.318015752002202,43.54151923600532,0
2023-02-11 10:00:00,3.9983799901050845,41.757241037707914,0
2023-02-11 11:00:00,4.718899707114045,45.350751191582134,0
2023-02-11 12:00:00,6.797686526849523,39.8673937037547,0
2023-02-11 13:00:00,5.64084286126701,35.590626743861414,0
2023-02-11 14:00:00,4.428821010217203,39.18466518028118,0
2023-02-11 15:00:00,5.572582781356159,36.27548677596776,0
